date,price,day_of_week,month,is_weekend,season,advance_booking_days,demand_score
2022-01-01,484.96,Saturday,1,1,Winter,82,109.0
2022-01-02,471.28,Sunday,1,1,Winter,15,93.1
2022-01-03,389.29,Monday,1,0,Winter,4,107.3
2022-01-04,314.29,Tuesday,1,0,Winter,36,109.4
2022-01-05,453.14,Wednesday,1,0,Winter,32,94.2
2022-01-06,403.56,Thursday,1,0,Winter,29,100.5
2022-01-07,541.64,Friday,1,0,Winter,18,95.8
2022-01-08,402.43,Saturday,1,1,Winter,14,97.3
2022-01-09,631.62,Sunday,1,1,Winter,87,105.7
2022-01-10,427.61,Monday,1,0,Winter,70,90.9
2022-01-11,390.04,Tuesday,1,0,Winter,12,93.4
2022-01-12,439.72,Wednesday,1,0,Winter,76,98.8
2022-01-13,369.55,Thursday,1,0,Winter,55,99.9
2022-01-14,514.88,Friday,1,0,Winter,5,100.4
2022-01-15,471.27,Saturday,1,1,Winter,4,93.7
2022-01-16,422.06,Sunday,1,1,Winter,12,93.9
2022-01-17,288.17,Monday,1,0,Winter,28,96.5
2022-01-18,461.22,Tuesday,1,0,Winter,30,97.1
2022-01-19,352.38,Wednesday,1,0,Winter,65,100.9
2022-01-20,363.74,Thursday,1,0,Winter,78,109.7
2022-01-21,702.62,Friday,1,0,Winter,4,94.0
2022-01-22,529.04,Saturday,1,1,Winter,72,91.5
2022-01-23,520.18,Sunday,1,1,Winter,26,92.3
2022-01-24,402.15,Monday,1,0,Winter,84,91.3
2022-01-25,354.99,Tuesday,1,0,Winter,90,96.5
2022-01-26,529.62,Wednesday,1,0,Winter,70,99.4
2022-01-27,374.94,Thursday,1,0,Winter,54,104.3
2022-01-28,755.07,Friday,1,0,Winter,29,99.9
2022-01-29,474.45,Saturday,1,1,Winter,58,98.6
2022-01-30,533.17,Sunday,1,1,Winter,76,100.2
2022-01-31,600.31,Monday,1,0,Winter,36,95.0
2022-02-01,230.57,Tuesday,2,0,Winter,1,91.5
2022-02-02,275.85,Wednesday,2,0,Winter,21,93.2
2022-02-03,432.61,Thursday,2,0,Winter,90,93.7
2022-02-04,610.84,Friday,2,0,Winter,55,100.8
2022-02-05,298.38,Saturday,2,1,Winter,44,98.5
2022-02-06,638.65,Sunday,2,1,Winter,36,107.2
2022-02-07,332.64,Monday,2,0,Winter,20,94.4
2022-02-08,228.86,Tuesday,2,0,Winter,28,96.8
2022-02-09,346.62,Wednesday,2,0,Winter,44,104.1
2022-02-10,337.68,Thursday,2,0,Winter,14,109.4
2022-02-11,381.4,Friday,2,0,Winter,12,90.7
2022-02-12,401.98,Saturday,2,1,Winter,49,100.1
2022-02-13,380.31,Sunday,2,1,Winter,13,99.8
2022-02-14,497.43,Monday,2,0,Winter,46,94.8
2022-02-15,292.24,Tuesday,2,0,Winter,45,104.6
2022-02-16,312.47,Wednesday,2,0,Winter,78,102.6
2022-02-17,336.99,Thursday,2,0,Winter,34,106.7
2022-02-18,407.55,Friday,2,0,Winter,6,93.7
2022-02-19,371.8,Saturday,2,1,Winter,59,90.3
2022-02-20,447.02,Sunday,2,1,Winter,69,94.5
2022-02-21,425.94,Monday,2,0,Winter,16,97.7
2022-02-22,369.11,Tuesday,2,0,Winter,49,92.8
2022-02-23,436.94,Wednesday,2,0,Winter,11,107.5
2022-02-24,331.69,Thursday,2,0,Winter,71,103.2
2022-02-25,501.38,Friday,2,0,Winter,38,94.8
2022-02-26,302.54,Saturday,2,1,Winter,81,107.9
2022-02-27,441.07,Sunday,2,1,Winter,80,97.0
2022-02-28,474.49,Monday,2,0,Winter,47,107.9
2022-03-01,329.4,Tuesday,3,0,Spring,74,91.7
2022-03-02,274.52,Wednesday,3,0,Spring,25,108.0
2022-03-03,221.81,Thursday,3,0,Spring,9,93.2
2022-03-04,503.01,Friday,3,0,Spring,6,103.8
2022-03-05,421.93,Saturday,3,1,Spring,85,94.7
2022-03-06,474.87,Sunday,3,1,Spring,30,104.9
2022-03-07,431.68,Monday,3,0,Spring,38,101.4
2022-03-08,210.28,Tuesday,3,0,Spring,11,97.4
2022-03-09,397.27,Wednesday,3,0,Spring,30,97.9
2022-03-10,489.56,Thursday,3,0,Spring,13,102.6
2022-03-11,544.89,Friday,3,0,Spring,49,99.9
2022-03-12,293.18,Saturday,3,1,Spring,36,104.4
2022-03-13,703.06,Sunday,3,1,Spring,59,109.1
2022-03-14,479.48,Monday,3,0,Spring,82,97.4
2022-03-15,448.85,Tuesday,3,0,Spring,47,107.1
2022-03-16,261.97,Wednesday,3,0,Spring,21,97.7
2022-03-17,315.19,Thursday,3,0,Spring,48,101.1
2022-03-18,641.47,Friday,3,0,Spring,46,103.9
2022-03-19,449.94,Saturday,3,1,Spring,27,109.8
2022-03-20,382.02,Sunday,3,1,Spring,86,100.4
2022-03-21,456.18,Monday,3,0,Spring,35,104.0
2022-03-22,289.48,Tuesday,3,0,Spring,90,95.9
2022-03-23,443.26,Wednesday,3,0,Spring,88,108.3
2022-03-24,392.39,Thursday,3,0,Spring,83,100.0
2022-03-25,613.26,Friday,3,0,Spring,10,105.9
2022-03-26,445.39,Saturday,3,1,Spring,78,96.8
2022-03-27,464.32,Sunday,3,1,Spring,82,90.7
2022-03-28,386.21,Monday,3,0,Spring,22,100.9
2022-03-29,168.05,Tuesday,3,0,Spring,69,90.7
2022-03-30,380.77,Wednesday,3,0,Spring,32,97.2
2022-03-31,399.13,Thursday,3,0,Spring,21,94.3
2022-04-01,366.59,Friday,4,0,Spring,60,91.7
2022-04-02,286.15,Saturday,4,1,Spring,49,102.7
2022-04-03,423.96,Sunday,4,1,Spring,35,109.5
2022-04-04,327.47,Monday,4,0,Spring,82,95.4
2022-04-05,221.78,Tuesday,4,0,Spring,89,91.6
2022-04-06,228.87,Wednesday,4,0,Spring,72,93.5
2022-04-07,242.96,Thursday,4,0,Spring,29,95.0
2022-04-08,398.06,Friday,4,0,Spring,88,95.6
2022-04-09,429.49,Saturday,4,1,Spring,42,104.8
2022-04-10,351.85,Sunday,4,1,Spring,8,95.0
2022-04-11,278.37,Monday,4,0,Spring,30,105.2
2022-04-12,233.27,Tuesday,4,0,Spring,5,92.0
2022-04-13,233.31,Wednesday,4,0,Spring,41,99.5
2022-04-14,245.49,Thursday,4,0,Spring,52,102.3
2022-04-15,394.03,Friday,4,0,Spring,35,90.9
2022-04-16,275.63,Saturday,4,1,Spring,9,107.1
2022-04-17,384.05,Sunday,4,1,Spring,28,93.3
2022-04-18,185.33,Monday,4,0,Spring,73,101.7
2022-04-19,348.12,Tuesday,4,0,Spring,41,101.5
2022-04-20,211.65,Wednesday,4,0,Spring,28,100.9
2022-04-21,364.2,Thursday,4,0,Spring,84,97.7
2022-04-22,241.21,Friday,4,0,Spring,64,96.4
2022-04-23,303.65,Saturday,4,1,Spring,51,90.5
2022-04-24,302.54,Sunday,4,1,Spring,83,103.9
2022-04-25,347.37,Monday,4,0,Spring,59,107.5
2022-04-26,205.26,Tuesday,4,0,Spring,19,93.5
2022-04-27,298.08,Wednesday,4,0,Spring,34,106.1
2022-04-28,275.99,Thursday,4,0,Spring,18,105.5
2022-04-29,353.46,Friday,4,0,Spring,32,108.6
2022-04-30,369.74,Saturday,4,1,Spring,72,105.1
2022-05-01,318.97,Sunday,5,1,Spring,69,108.1
2022-05-02,269.65,Monday,5,0,Spring,34,107.9
2022-05-03,207.82,Tuesday,5,0,Spring,75,90.2
2022-05-04,315.36,Wednesday,5,0,Spring,55,101.5
2022-05-05,285.12,Thursday,5,0,Spring,75,99.0
2022-05-06,407.4,Friday,5,0,Spring,52,105.0
2022-05-07,357.98,Saturday,5,1,Spring,47,105.8
2022-05-08,244.47,Sunday,5,1,Spring,29,101.0
2022-05-09,277.07,Monday,5,0,Spring,18,107.8
2022-05-10,186.8,Tuesday,5,0,Spring,66,105.2
2022-05-11,244.13,Wednesday,5,0,Spring,64,92.0
2022-05-12,205.66,Thursday,5,0,Spring,12,106.4
2022-05-13,355.16,Friday,5,0,Spring,7,91.6
2022-05-14,345.12,Saturday,5,1,Spring,15,108.9
2022-05-15,498.32,Sunday,5,1,Spring,20,105.1
2022-05-16,335.54,Monday,5,0,Spring,81,101.2
2022-05-17,247.02,Tuesday,5,0,Spring,21,108.1
2022-05-18,150.0,Wednesday,5,0,Spring,88,99.4
2022-05-19,190.88,Thursday,5,0,Spring,55,92.4
2022-05-20,419.61,Friday,5,0,Spring,77,101.7
2022-05-21,375.37,Saturday,5,1,Spring,9,97.5
2022-05-22,320.47,Sunday,5,1,Spring,50,109.3
2022-05-23,213.76,Monday,5,0,Spring,49,109.4
2022-05-24,174.62,Tuesday,5,0,Spring,77,101.1
2022-05-25,346.85,Wednesday,5,0,Spring,60,100.5
2022-05-26,301.11,Thursday,5,0,Spring,68,102.6
2022-05-27,464.29,Friday,5,0,Spring,33,108.0
2022-05-28,210.2,Saturday,5,1,Spring,71,93.8
2022-05-29,333.9,Sunday,5,1,Spring,2,97.1
2022-05-30,412.46,Monday,5,0,Spring,88,109.7
2022-05-31,293.79,Tuesday,5,0,Spring,15,100.7
2022-06-01,240.85,Wednesday,6,0,Summer,88,93.3
2022-06-02,358.06,Thursday,6,0,Summer,69,106.5
2022-06-03,546.27,Friday,6,0,Summer,35,107.3
2022-06-04,202.42,Saturday,6,1,Summer,83,90.5
2022-06-05,444.75,Sunday,6,1,Summer,44,93.0
2022-06-06,291.82,Monday,6,0,Summer,15,97.6
2022-06-07,241.75,Tuesday,6,0,Summer,38,95.5
2022-06-08,182.19,Wednesday,6,0,Summer,56,107.3
2022-06-09,365.02,Thursday,6,0,Summer,21,108.9
2022-06-10,410.14,Friday,6,0,Summer,59,94.9
2022-06-11,374.31,Saturday,6,1,Summer,1,102.1
2022-06-12,281.56,Sunday,6,1,Summer,34,103.4
2022-06-13,243.24,Monday,6,0,Summer,65,103.4
2022-06-14,281.13,Tuesday,6,0,Summer,23,105.4
2022-06-15,253.7,Wednesday,6,0,Summer,65,101.2
2022-06-16,360.75,Thursday,6,0,Summer,14,98.1
2022-06-17,422.03,Friday,6,0,Summer,81,94.3
2022-06-18,215.09,Saturday,6,1,Summer,39,90.3
2022-06-19,302.62,Sunday,6,1,Summer,82,98.7
2022-06-20,379.01,Monday,6,0,Summer,65,97.0
2022-06-21,231.31,Tuesday,6,0,Summer,78,102.4
2022-06-22,292.02,Wednesday,6,0,Summer,26,109.0
2022-06-23,301.14,Thursday,6,0,Summer,20,109.6
2022-06-24,328.09,Friday,6,0,Summer,48,96.6
2022-06-25,201.64,Saturday,6,1,Summer,21,92.6
2022-06-26,265.2,Sunday,6,1,Summer,70,93.0
2022-06-27,197.68,Monday,6,0,Summer,68,96.9
2022-06-28,283.42,Tuesday,6,0,Summer,1,99.5
2022-06-29,184.03,Wednesday,6,0,Summer,77,90.8
2022-06-30,209.0,Thursday,6,0,Summer,42,95.6
2022-07-01,459.88,Friday,7,0,Summer,63,97.3
2022-07-02,477.62,Saturday,7,1,Summer,3,103.8
2022-07-03,836.09,Sunday,7,1,Summer,15,108.4
2022-07-04,331.61,Monday,7,0,Summer,47,95.5
2022-07-05,313.87,Tuesday,7,0,Summer,40,94.2
2022-07-06,335.5,Wednesday,7,0,Summer,31,99.7
2022-07-07,510.84,Thursday,7,0,Summer,8,104.9
2022-07-08,415.03,Friday,7,0,Summer,31,95.0
2022-07-09,485.46,Saturday,7,1,Summer,73,100.6
2022-07-10,416.49,Sunday,7,1,Summer,11,98.9
2022-07-11,394.07,Monday,7,0,Summer,11,97.5
2022-07-12,250.47,Tuesday,7,0,Summer,63,96.4
2022-07-13,301.6,Wednesday,7,0,Summer,9,107.8
2022-07-14,519.8,Thursday,7,0,Summer,69,103.6
2022-07-15,478.0,Friday,7,0,Summer,17,100.7
2022-07-16,503.65,Saturday,7,1,Summer,17,104.9
2022-07-17,507.5,Sunday,7,1,Summer,85,97.3
2022-07-18,497.83,Monday,7,0,Summer,61,101.4
2022-07-19,285.78,Tuesday,7,0,Summer,71,93.1
2022-07-20,299.12,Wednesday,7,0,Summer,22,93.2
2022-07-21,381.66,Thursday,7,0,Summer,34,107.9
2022-07-22,449.93,Friday,7,0,Summer,68,100.5
2022-07-23,342.13,Saturday,7,1,Summer,78,98.0
2022-07-24,853.92,Sunday,7,1,Summer,55,107.3
2022-07-25,396.38,Monday,7,0,Summer,28,103.4
2022-07-26,489.07,Tuesday,7,0,Summer,70,101.1
2022-07-27,454.99,Wednesday,7,0,Summer,89,93.7
2022-07-28,378.19,Thursday,7,0,Summer,26,98.5
2022-07-29,467.59,Friday,7,0,Summer,40,102.2
2022-07-30,411.19,Saturday,7,1,Summer,52,101.6
2022-07-31,547.12,Sunday,7,1,Summer,86,91.0
2022-08-01,410.37,Monday,8,0,Summer,84,92.7
2022-08-02,336.59,Tuesday,8,0,Summer,48,103.6
2022-08-03,430.88,Wednesday,8,0,Summer,57,101.9
2022-08-04,445.46,Thursday,8,0,Summer,67,108.6
2022-08-05,826.78,Friday,8,0,Summer,58,109.3
2022-08-06,559.57,Saturday,8,1,Summer,16,93.6
2022-08-07,481.15,Sunday,8,1,Summer,32,104.8
2022-08-08,385.32,Monday,8,0,Summer,29,105.9
2022-08-09,307.98,Tuesday,8,0,Summer,9,93.3
2022-08-10,439.49,Wednesday,8,0,Summer,44,100.5
2022-08-11,484.35,Thursday,8,0,Summer,3,107.5
2022-08-12,566.66,Friday,8,0,Summer,76,97.5
2022-08-13,442.81,Saturday,8,1,Summer,71,96.0
2022-08-14,578.44,Sunday,8,1,Summer,30,108.0
2022-08-15,444.44,Monday,8,0,Summer,76,100.9
2022-08-16,340.77,Tuesday,8,0,Summer,29,108.8
2022-08-17,428.2,Wednesday,8,0,Summer,1,96.7
2022-08-18,505.43,Thursday,8,0,Summer,10,100.7
2022-08-19,811.13,Friday,8,0,Summer,81,105.8
2022-08-20,395.46,Saturday,8,1,Summer,8,104.9
2022-08-21,438.73,Sunday,8,1,Summer,30,101.4
2022-08-22,456.59,Monday,8,0,Summer,9,106.4
2022-08-23,312.58,Tuesday,8,0,Summer,5,106.9
2022-08-24,427.96,Wednesday,8,0,Summer,43,93.0
2022-08-25,421.82,Thursday,8,0,Summer,10,104.4
2022-08-26,726.71,Friday,8,0,Summer,66,100.9
2022-08-27,346.57,Saturday,8,1,Summer,31,96.9
2022-08-28,682.17,Sunday,8,1,Summer,36,108.9
2022-08-29,418.49,Monday,8,0,Summer,86,101.7
2022-08-30,295.47,Tuesday,8,0,Summer,63,107.4
2022-08-31,533.68,Wednesday,8,0,Summer,28,101.3
2022-09-01,404.8,Thursday,9,0,Fall,70,93.1
2022-09-02,559.28,Friday,9,0,Fall,17,102.1
2022-09-03,518.73,Saturday,9,1,Fall,74,108.5
2022-09-04,439.64,Sunday,9,1,Fall,74,92.3
2022-09-05,414.79,Monday,9,0,Fall,61,98.0
2022-09-06,198.24,Tuesday,9,0,Fall,32,96.7
2022-09-07,323.87,Wednesday,9,0,Fall,61,108.4
2022-09-08,322.18,Thursday,9,0,Fall,53,96.9
2022-09-09,430.74,Friday,9,0,Fall,25,99.0
2022-09-10,214.95,Saturday,9,1,Fall,13,93.5
2022-09-11,608.95,Sunday,9,1,Fall,13,97.2
2022-09-12,403.47,Monday,9,0,Fall,85,102.6
2022-09-13,233.45,Tuesday,9,0,Fall,56,109.9
2022-09-14,328.19,Wednesday,9,0,Fall,46,101.9
2022-09-15,328.69,Thursday,9,0,Fall,55,108.0
2022-09-16,369.73,Friday,9,0,Fall,53,93.8
2022-09-17,349.22,Saturday,9,1,Fall,60,91.3
2022-09-18,523.21,Sunday,9,1,Fall,7,99.1
2022-09-19,379.03,Monday,9,0,Fall,87,101.2
2022-09-20,203.56,Tuesday,9,0,Fall,84,93.6
2022-09-21,330.16,Wednesday,9,0,Fall,83,98.2
2022-09-22,259.34,Thursday,9,0,Fall,13,93.1
2022-09-23,343.2,Friday,9,0,Fall,8,94.4
2022-09-24,310.41,Saturday,9,1,Fall,52,103.4
2022-09-25,522.88,Sunday,9,1,Fall,44,94.8
2022-09-26,277.05,Monday,9,0,Fall,14,94.9
2022-09-27,392.86,Tuesday,9,0,Fall,32,97.9
2022-09-28,348.08,Wednesday,9,0,Fall,25,94.1
2022-09-29,227.92,Thursday,9,0,Fall,25,91.7
2022-09-30,364.76,Friday,9,0,Fall,69,90.5
2022-10-01,361.31,Saturday,10,1,Fall,58,107.9
2022-10-02,562.47,Sunday,10,1,Fall,18,96.8
2022-10-03,354.0,Monday,10,0,Fall,55,95.4
2022-10-04,299.95,Tuesday,10,0,Fall,24,98.2
2022-10-05,336.07,Wednesday,10,0,Fall,36,109.0
2022-10-06,411.69,Thursday,10,0,Fall,60,92.8
2022-10-07,679.94,Friday,10,0,Fall,32,106.0
2022-10-08,331.01,Saturday,10,1,Fall,10,90.4
2022-10-09,475.01,Sunday,10,1,Fall,57,95.2
2022-10-10,306.72,Monday,10,0,Fall,71,106.7
2022-10-11,246.5,Tuesday,10,0,Fall,13,95.4
2022-10-12,240.13,Wednesday,10,0,Fall,7,108.3
2022-10-13,304.97,Thursday,10,0,Fall,84,101.1
2022-10-14,581.8,Friday,10,0,Fall,70,106.6
2022-10-15,436.3,Saturday,10,1,Fall,2,103.3
2022-10-16,380.15,Sunday,10,1,Fall,12,108.3
2022-10-17,322.49,Monday,10,0,Fall,31,90.9
2022-10-18,265.45,Tuesday,10,0,Fall,22,104.8
2022-10-19,245.74,Wednesday,10,0,Fall,53,97.8
2022-10-20,295.86,Thursday,10,0,Fall,63,97.1
2022-10-21,531.77,Friday,10,0,Fall,62,99.5
2022-10-22,438.71,Saturday,10,1,Fall,28,108.7
2022-10-23,335.76,Sunday,10,1,Fall,52,95.2
2022-10-24,417.1,Monday,10,0,Fall,8,91.0
2022-10-25,299.36,Tuesday,10,0,Fall,22,105.4
2022-10-26,216.19,Wednesday,10,0,Fall,49,91.5
2022-10-27,455.35,Thursday,10,0,Fall,1,98.7
2022-10-28,447.03,Friday,10,0,Fall,50,106.4
2022-10-29,345.82,Saturday,10,1,Fall,34,101.8
2022-10-30,407.95,Sunday,10,1,Fall,59,91.8
2022-10-31,313.57,Monday,10,0,Fall,37,100.8
2022-11-01,431.01,Tuesday,11,0,Fall,55,104.6
2022-11-02,409.42,Wednesday,11,0,Fall,90,107.0
2022-11-03,322.84,Thursday,11,0,Fall,72,99.8
2022-11-04,396.17,Friday,11,0,Fall,85,101.4
2022-11-05,416.09,Saturday,11,1,Fall,63,90.7
2022-11-06,710.89,Sunday,11,1,Fall,20,109.4
2022-11-07,487.99,Monday,11,0,Fall,25,99.5
2022-11-08,301.73,Tuesday,11,0,Fall,38,106.6
2022-11-09,217.71,Wednesday,11,0,Fall,28,101.9
2022-11-10,275.86,Thursday,11,0,Fall,8,103.9
2022-11-11,454.94,Friday,11,0,Fall,75,104.5
2022-11-12,401.71,Saturday,11,1,Fall,70,105.8
2022-11-13,448.24,Sunday,11,1,Fall,8,102.5
2022-11-14,298.94,Monday,11,0,Fall,41,90.5
2022-11-15,363.87,Tuesday,11,0,Fall,8,90.4
2022-11-16,461.48,Wednesday,11,0,Fall,7,106.0
2022-11-17,478.1,Thursday,11,0,Fall,75,97.0
2022-11-18,525.36,Friday,11,0,Fall,62,102.6
2022-11-19,508.97,Saturday,11,1,Fall,65,109.7
2022-11-20,516.83,Sunday,11,1,Fall,68,104.8
2022-11-21,260.96,Monday,11,0,Fall,21,92.2
2022-11-22,244.5,Tuesday,11,0,Fall,8,94.7
2022-11-23,201.0,Wednesday,11,0,Fall,66,90.4
2022-11-24,366.07,Thursday,11,0,Fall,11,103.6
2022-11-25,454.7,Friday,11,0,Fall,24,109.0
2022-11-26,482.6,Saturday,11,1,Fall,9,99.3
2022-11-27,496.68,Sunday,11,1,Fall,77,93.3
2022-11-28,416.03,Monday,11,0,Fall,9,100.3
2022-11-29,234.09,Tuesday,11,0,Fall,87,93.5
2022-11-30,358.65,Wednesday,11,0,Fall,31,97.0
2022-12-01,392.89,Thursday,12,0,Winter,52,109.4
2022-12-02,635.03,Friday,12,0,Winter,16,93.1
2022-12-03,544.52,Saturday,12,1,Winter,73,94.5
2022-12-04,632.44,Sunday,12,1,Winter,32,101.6
2022-12-05,357.52,Monday,12,0,Winter,75,107.5
2022-12-06,544.04,Tuesday,12,0,Winter,77,109.1
2022-12-07,542.62,Wednesday,12,0,Winter,6,106.2
2022-12-08,376.34,Thursday,12,0,Winter,80,98.2
2022-12-09,534.44,Friday,12,0,Winter,11,95.2
2022-12-10,357.36,Saturday,12,1,Winter,54,94.4
2022-12-11,630.53,Sunday,12,1,Winter,85,91.5
2022-12-12,498.77,Monday,12,0,Winter,75,101.8
2022-12-13,487.33,Tuesday,12,0,Winter,73,97.0
2022-12-14,401.87,Wednesday,12,0,Winter,67,107.6
2022-12-15,600.54,Thursday,12,0,Winter,41,103.2
2022-12-16,730.3,Friday,12,0,Winter,34,103.6
2022-12-17,532.29,Saturday,12,1,Winter,27,105.1
2022-12-18,576.29,Sunday,12,1,Winter,86,104.9
2022-12-19,389.47,Monday,12,0,Winter,41,106.4
2022-12-20,283.55,Tuesday,12,0,Winter,31,95.7
2022-12-21,447.4,Wednesday,12,0,Winter,34,109.6
2022-12-22,533.75,Thursday,12,0,Winter,51,100.8
2022-12-23,676.54,Friday,12,0,Winter,17,92.1
2022-12-24,630.34,Saturday,12,1,Winter,86,96.8
2022-12-25,717.4,Sunday,12,1,Winter,83,108.6
2022-12-26,430.75,Monday,12,0,Winter,39,104.2
2022-12-27,314.38,Tuesday,12,0,Winter,59,101.6
2022-12-28,270.34,Wednesday,12,0,Winter,41,107.4
2022-12-29,668.77,Thursday,12,0,Winter,10,109.4
2022-12-30,659.09,Friday,12,0,Winter,2,90.5
2022-12-31,341.92,Saturday,12,1,Winter,59,96.5
2023-01-01,680.54,Sunday,1,1,Winter,80,98.9
2023-01-02,412.12,Monday,1,0,Winter,73,109.9
2023-01-03,285.95,Tuesday,1,0,Winter,13,105.9
2023-01-04,433.03,Wednesday,1,0,Winter,10,94.4
2023-01-05,486.26,Thursday,1,0,Winter,69,95.5
2023-01-06,756.13,Friday,1,0,Winter,28,93.0
2023-01-07,457.62,Saturday,1,1,Winter,65,102.8
2023-01-08,545.56,Sunday,1,1,Winter,34,95.5
2023-01-09,569.28,Monday,1,0,Winter,17,94.6
2023-01-10,269.32,Tuesday,1,0,Winter,45,90.6
2023-01-11,525.38,Wednesday,1,0,Winter,9,99.5
2023-01-12,587.84,Thursday,1,0,Winter,32,93.7
2023-01-13,784.33,Friday,1,0,Winter,48,106.9
2023-01-14,572.66,Saturday,1,1,Winter,37,102.5
2023-01-15,747.14,Sunday,1,1,Winter,21,99.6
2023-01-16,312.04,Monday,1,0,Winter,57,92.5
2023-01-17,356.92,Tuesday,1,0,Winter,70,99.8
2023-01-18,306.43,Wednesday,1,0,Winter,39,101.6
2023-01-19,396.01,Thursday,1,0,Winter,79,99.1
2023-01-20,369.79,Friday,1,0,Winter,84,91.4
2023-01-21,434.53,Saturday,1,1,Winter,68,95.8
2023-01-22,724.75,Sunday,1,1,Winter,2,107.2
2023-01-23,428.37,Monday,1,0,Winter,86,109.7
2023-01-24,335.9,Tuesday,1,0,Winter,71,100.0
2023-01-25,394.2,Wednesday,1,0,Winter,39,90.2
2023-01-26,414.37,Thursday,1,0,Winter,85,100.4
2023-01-27,373.8,Friday,1,0,Winter,14,91.6
2023-01-28,443.66,Saturday,1,1,Winter,18,92.7
2023-01-29,705.94,Sunday,1,1,Winter,34,94.0
2023-01-30,366.66,Monday,1,0,Winter,15,92.1
2023-01-31,318.8,Tuesday,1,0,Winter,14,108.7
2023-02-01,241.16,Wednesday,2,0,Winter,71,100.8
2023-02-02,465.89,Thursday,2,0,Winter,20,106.0
2023-02-03,492.78,Friday,2,0,Winter,35,106.3
2023-02-04,380.45,Saturday,2,1,Winter,37,102.9
2023-02-05,510.18,Sunday,2,1,Winter,78,104.6
2023-02-06,435.52,Monday,2,0,Winter,27,94.4
2023-02-07,419.88,Tuesday,2,0,Winter,44,96.7
2023-02-08,343.69,Wednesday,2,0,Winter,27,100.0
2023-02-09,409.89,Thursday,2,0,Winter,88,104.4
2023-02-10,409.54,Friday,2,0,Winter,82,103.6
2023-02-11,239.68,Saturday,2,1,Winter,34,90.6
2023-02-12,606.48,Sunday,2,1,Winter,65,104.5
2023-02-13,408.1,Monday,2,0,Winter,63,98.5
2023-02-14,357.31,Tuesday,2,0,Winter,33,90.8
2023-02-15,439.89,Wednesday,2,0,Winter,7,101.6
2023-02-16,393.44,Thursday,2,0,Winter,12,107.5
2023-02-17,625.97,Friday,2,0,Winter,82,98.4
2023-02-18,422.5,Saturday,2,1,Winter,55,94.2
2023-02-19,533.16,Sunday,2,1,Winter,36,102.6
2023-02-20,475.68,Monday,2,0,Winter,6,108.2
2023-02-21,238.91,Tuesday,2,0,Winter,1,94.8
2023-02-22,310.42,Wednesday,2,0,Winter,43,107.4
2023-02-23,388.27,Thursday,2,0,Winter,17,100.3
2023-02-24,338.07,Friday,2,0,Winter,82,97.8
2023-02-25,446.39,Saturday,2,1,Winter,34,95.2
2023-02-26,561.31,Sunday,2,1,Winter,21,92.6
2023-02-27,493.34,Monday,2,0,Winter,57,99.1
2023-02-28,279.56,Tuesday,2,0,Winter,71,106.6
2023-03-01,321.11,Wednesday,3,0,Spring,55,95.0
2023-03-02,291.55,Thursday,3,0,Spring,72,93.4
2023-03-03,349.24,Friday,3,0,Spring,2,104.7
2023-03-04,534.68,Saturday,3,1,Spring,15,106.1
2023-03-05,552.43,Sunday,3,1,Spring,10,107.4
2023-03-06,287.71,Monday,3,0,Spring,89,91.1
2023-03-07,371.27,Tuesday,3,0,Spring,20,108.7
2023-03-08,280.71,Wednesday,3,0,Spring,70,100.1
2023-03-09,262.34,Thursday,3,0,Spring,5,93.0
2023-03-10,484.99,Friday,3,0,Spring,48,100.3
2023-03-11,409.87,Saturday,3,1,Spring,75,103.3
2023-03-12,386.59,Sunday,3,1,Spring,71,103.5
2023-03-13,443.62,Monday,3,0,Spring,19,91.9
2023-03-14,412.6,Tuesday,3,0,Spring,56,93.5
2023-03-15,390.09,Wednesday,3,0,Spring,17,106.8
2023-03-16,393.48,Thursday,3,0,Spring,6,102.4
2023-03-17,643.01,Friday,3,0,Spring,40,101.4
2023-03-18,339.83,Saturday,3,1,Spring,47,103.2
2023-03-19,476.49,Sunday,3,1,Spring,6,103.0
2023-03-20,443.24,Monday,3,0,Spring,46,91.0
2023-03-21,422.05,Tuesday,3,0,Spring,27,98.1
2023-03-22,360.1,Wednesday,3,0,Spring,88,104.8
2023-03-23,488.1,Thursday,3,0,Spring,32,98.1
2023-03-24,598.77,Friday,3,0,Spring,86,105.2
2023-03-25,444.21,Saturday,3,1,Spring,14,98.7
2023-03-26,458.47,Sunday,3,1,Spring,46,90.1
2023-03-27,356.77,Monday,3,0,Spring,72,97.3
2023-03-28,277.44,Tuesday,3,0,Spring,53,99.0
2023-03-29,291.2,Wednesday,3,0,Spring,80,97.5
2023-03-30,425.33,Thursday,3,0,Spring,20,99.3
2023-03-31,434.88,Friday,3,0,Spring,31,107.3
2023-04-01,233.51,Saturday,4,1,Spring,21,96.8
2023-04-02,352.7,Sunday,4,1,Spring,23,98.0
2023-04-03,368.79,Monday,4,0,Spring,53,105.3
2023-04-04,319.14,Tuesday,4,0,Spring,4,104.4
2023-04-05,222.45,Wednesday,4,0,Spring,23,108.5
2023-04-06,202.72,Thursday,4,0,Spring,43,108.7
2023-04-07,341.71,Friday,4,0,Spring,53,95.1
2023-04-08,237.08,Saturday,4,1,Spring,86,96.1
2023-04-09,357.14,Sunday,4,1,Spring,32,102.2
2023-04-10,289.95,Monday,4,0,Spring,35,95.5
2023-04-11,192.13,Tuesday,4,0,Spring,21,103.6
2023-04-12,178.73,Wednesday,4,0,Spring,90,100.5
2023-04-13,288.2,Thursday,4,0,Spring,14,95.1
2023-04-14,485.18,Friday,4,0,Spring,49,99.7
2023-04-15,229.74,Saturday,4,1,Spring,5,102.7
2023-04-16,490.18,Sunday,4,1,Spring,61,102.0
2023-04-17,219.55,Monday,4,0,Spring,29,94.2
2023-04-18,229.32,Tuesday,4,0,Spring,26,98.2
2023-04-19,259.3,Wednesday,4,0,Spring,59,95.5
2023-04-20,325.75,Thursday,4,0,Spring,45,98.5
2023-04-21,400.71,Friday,4,0,Spring,40,99.0
2023-04-22,292.63,Saturday,4,1,Spring,30,93.4
2023-04-23,283.06,Sunday,4,1,Spring,29,91.9
2023-04-24,218.24,Monday,4,0,Spring,4,102.8
2023-04-25,237.8,Tuesday,4,0,Spring,85,97.8
2023-04-26,239.91,Wednesday,4,0,Spring,25,99.9
2023-04-27,314.46,Thursday,4,0,Spring,52,104.4
2023-04-28,468.07,Friday,4,0,Spring,43,109.8
2023-04-29,253.13,Saturday,4,1,Spring,36,91.6
2023-04-30,276.14,Sunday,4,1,Spring,9,107.9
2023-05-01,204.82,Monday,5,0,Spring,36,97.1
2023-05-02,177.13,Tuesday,5,0,Spring,45,100.4
2023-05-03,280.03,Wednesday,5,0,Spring,83,103.0
2023-05-04,304.1,Thursday,5,0,Spring,66,96.5
2023-05-05,481.63,Friday,5,0,Spring,52,103.2
2023-05-06,293.9,Saturday,5,1,Spring,87,104.6
2023-05-07,417.87,Sunday,5,1,Spring,69,109.2
2023-05-08,233.96,Monday,5,0,Spring,43,103.8
2023-05-09,150.0,Tuesday,5,0,Spring,4,99.0
2023-05-10,295.35,Wednesday,5,0,Spring,15,97.0
2023-05-11,357.09,Thursday,5,0,Spring,34,94.7
2023-05-12,344.17,Friday,5,0,Spring,23,93.0
2023-05-13,297.4,Saturday,5,1,Spring,75,102.5
2023-05-14,283.93,Sunday,5,1,Spring,34,105.1
2023-05-15,347.82,Monday,5,0,Spring,5,104.2
2023-05-16,150.0,Tuesday,5,0,Spring,14,96.1
2023-05-17,163.38,Wednesday,5,0,Spring,77,108.7
2023-05-18,260.18,Thursday,5,0,Spring,56,96.1
2023-05-19,351.44,Friday,5,0,Spring,45,100.3
2023-05-20,364.18,Saturday,5,1,Spring,41,99.9
2023-05-21,362.88,Sunday,5,1,Spring,56,107.6
2023-05-22,361.3,Monday,5,0,Spring,78,106.1
2023-05-23,190.12,Tuesday,5,0,Spring,66,98.1
2023-05-24,196.44,Wednesday,5,0,Spring,15,103.9
2023-05-25,329.96,Thursday,5,0,Spring,50,106.4
2023-05-26,297.91,Friday,5,0,Spring,74,107.2
2023-05-27,336.02,Saturday,5,1,Spring,25,105.3
2023-05-28,267.5,Sunday,5,1,Spring,33,100.1
2023-05-29,230.04,Monday,5,0,Spring,6,91.4
2023-05-30,153.91,Tuesday,5,0,Spring,56,92.7
2023-05-31,322.14,Wednesday,5,0,Spring,1,98.6
2023-06-01,229.45,Thursday,6,0,Summer,67,100.1
2023-06-02,377.37,Friday,6,0,Summer,69,94.3
2023-06-03,311.03,Saturday,6,1,Summer,88,103.0
2023-06-04,315.54,Sunday,6,1,Summer,86,109.9
2023-06-05,195.45,Monday,6,0,Summer,26,103.9
2023-06-06,242.0,Tuesday,6,0,Summer,47,91.2
2023-06-07,275.32,Wednesday,6,0,Summer,56,109.9
2023-06-08,276.81,Thursday,6,0,Summer,9,102.5
2023-06-09,342.31,Friday,6,0,Summer,86,98.5
2023-06-10,249.57,Saturday,6,1,Summer,43,98.3
2023-06-11,458.48,Sunday,6,1,Summer,80,104.7
2023-06-12,150.0,Monday,6,0,Summer,41,95.2
2023-06-13,232.69,Tuesday,6,0,Summer,85,92.7
2023-06-14,157.85,Wednesday,6,0,Summer,16,94.8
2023-06-15,395.66,Thursday,6,0,Summer,39,106.0
2023-06-16,286.86,Friday,6,0,Summer,65,101.0
2023-06-17,293.26,Saturday,6,1,Summer,40,106.9
2023-06-18,253.99,Sunday,6,1,Summer,86,96.5
2023-06-19,299.35,Monday,6,0,Summer,53,99.5
2023-06-20,215.55,Tuesday,6,0,Summer,42,105.7
2023-06-21,318.26,Wednesday,6,0,Summer,52,109.1
2023-06-22,335.87,Thursday,6,0,Summer,90,98.8
2023-06-23,372.44,Friday,6,0,Summer,38,106.8
2023-06-24,326.29,Saturday,6,1,Summer,71,107.9
2023-06-25,411.93,Sunday,6,1,Summer,17,102.3
2023-06-26,212.64,Monday,6,0,Summer,25,104.7
2023-06-27,244.39,Tuesday,6,0,Summer,54,103.6
2023-06-28,159.0,Wednesday,6,0,Summer,86,90.2
2023-06-29,360.4,Thursday,6,0,Summer,49,104.8
2023-06-30,330.41,Friday,6,0,Summer,87,105.5
2023-07-01,514.1,Saturday,7,1,Summer,23,93.7
2023-07-02,482.78,Sunday,7,1,Summer,79,90.4
2023-07-03,392.7,Monday,7,0,Summer,73,109.4
2023-07-04,409.6,Tuesday,7,0,Summer,39,97.6
2023-07-05,324.94,Wednesday,7,0,Summer,52,92.4
2023-07-06,532.09,Thursday,7,0,Summer,71,100.6
2023-07-07,453.79,Friday,7,0,Summer,1,109.4
2023-07-08,654.96,Saturday,7,1,Summer,39,102.0
2023-07-09,690.92,Sunday,7,1,Summer,37,105.0
2023-07-10,365.31,Monday,7,0,Summer,27,96.8
2023-07-11,466.92,Tuesday,7,0,Summer,56,94.5
2023-07-12,354.78,Wednesday,7,0,Summer,75,102.3
2023-07-13,575.9,Thursday,7,0,Summer,78,94.8
2023-07-14,789.69,Friday,7,0,Summer,84,102.9
2023-07-15,427.31,Saturday,7,1,Summer,42,106.3
2023-07-16,718.67,Sunday,7,1,Summer,60,99.2
2023-07-17,620.0,Monday,7,0,Summer,57,104.6
2023-07-18,341.57,Tuesday,7,0,Summer,57,100.9
2023-07-19,585.87,Wednesday,7,0,Summer,87,108.7
2023-07-20,526.77,Thursday,7,0,Summer,28,94.3
2023-07-21,664.84,Friday,7,0,Summer,66,106.8
2023-07-22,535.84,Saturday,7,1,Summer,61,100.2
2023-07-23,553.32,Sunday,7,1,Summer,22,101.3
2023-07-24,549.97,Monday,7,0,Summer,85,105.2
2023-07-25,304.04,Tuesday,7,0,Summer,11,99.2
2023-07-26,436.43,Wednesday,7,0,Summer,37,94.1
2023-07-27,488.77,Thursday,7,0,Summer,66,104.7
2023-07-28,595.42,Friday,7,0,Summer,85,105.7
2023-07-29,425.44,Saturday,7,1,Summer,82,90.1
2023-07-30,793.62,Sunday,7,1,Summer,80,97.4
2023-07-31,403.08,Monday,7,0,Summer,43,93.0
2023-08-01,512.98,Tuesday,8,0,Summer,12,97.4
2023-08-02,409.59,Wednesday,8,0,Summer,31,104.4
2023-08-03,449.32,Thursday,8,0,Summer,87,98.3
2023-08-04,594.85,Friday,8,0,Summer,40,90.1
2023-08-05,544.42,Saturday,8,1,Summer,29,91.9
2023-08-06,636.61,Sunday,8,1,Summer,26,99.6
2023-08-07,507.51,Monday,8,0,Summer,19,101.2
2023-08-08,447.0,Tuesday,8,0,Summer,4,102.1
2023-08-09,373.95,Wednesday,8,0,Summer,6,106.5
2023-08-10,428.63,Thursday,8,0,Summer,32,91.5
2023-08-11,752.21,Friday,8,0,Summer,61,104.2
2023-08-12,542.53,Saturday,8,1,Summer,79,100.3
2023-08-13,532.84,Sunday,8,1,Summer,10,98.7
2023-08-14,354.02,Monday,8,0,Summer,59,94.4
2023-08-15,594.02,Tuesday,8,0,Summer,54,108.7
2023-08-16,457.29,Wednesday,8,0,Summer,81,98.4
2023-08-17,357.57,Thursday,8,0,Summer,74,98.2
2023-08-18,773.59,Friday,8,0,Summer,25,97.7
2023-08-19,393.69,Saturday,8,1,Summer,90,97.2
2023-08-20,497.52,Sunday,8,1,Summer,50,90.5
2023-08-21,409.79,Monday,8,0,Summer,64,108.8
2023-08-22,342.71,Tuesday,8,0,Summer,52,98.6
2023-08-23,378.45,Wednesday,8,0,Summer,32,99.7
2023-08-24,326.55,Thursday,8,0,Summer,19,91.6
2023-08-25,650.84,Friday,8,0,Summer,84,104.6
2023-08-26,498.23,Saturday,8,1,Summer,89,93.2
2023-08-27,745.74,Sunday,8,1,Summer,1,103.1
2023-08-28,561.2,Monday,8,0,Summer,14,91.4
2023-08-29,316.65,Tuesday,8,0,Summer,55,94.9
2023-08-30,503.11,Wednesday,8,0,Summer,29,95.0
2023-08-31,465.88,Thursday,8,0,Summer,23,105.5
2023-09-01,299.66,Friday,9,0,Fall,90,99.8
2023-09-02,384.36,Saturday,9,1,Fall,67,108.0
2023-09-03,347.05,Sunday,9,1,Fall,60,103.3
2023-09-04,454.69,Monday,9,0,Fall,7,91.0
2023-09-05,305.21,Tuesday,9,0,Fall,72,95.2
2023-09-06,234.9,Wednesday,9,0,Fall,32,101.3
2023-09-07,371.43,Thursday,9,0,Fall,16,109.4
2023-09-08,362.82,Friday,9,0,Fall,59,93.0
2023-09-09,297.41,Saturday,9,1,Fall,18,95.0
2023-09-10,483.58,Sunday,9,1,Fall,60,92.3
2023-09-11,493.17,Monday,9,0,Fall,86,104.5
2023-09-12,295.63,Tuesday,9,0,Fall,68,91.6
2023-09-13,320.14,Wednesday,9,0,Fall,72,99.7
2023-09-14,380.07,Thursday,9,0,Fall,77,98.2
2023-09-15,546.19,Friday,9,0,Fall,41,100.9
2023-09-16,436.94,Saturday,9,1,Fall,57,99.2
2023-09-17,351.43,Sunday,9,1,Fall,79,105.7
2023-09-18,267.56,Monday,9,0,Fall,65,96.6
2023-09-19,384.22,Tuesday,9,0,Fall,55,100.4
2023-09-20,427.4,Wednesday,9,0,Fall,71,107.4
2023-09-21,326.79,Thursday,9,0,Fall,58,99.0
2023-09-22,502.3,Friday,9,0,Fall,21,100.0
2023-09-23,278.79,Saturday,9,1,Fall,61,103.1
2023-09-24,658.7,Sunday,9,1,Fall,58,109.3
2023-09-25,323.15,Monday,9,0,Fall,34,100.5
2023-09-26,333.65,Tuesday,9,0,Fall,32,102.7
2023-09-27,378.46,Wednesday,9,0,Fall,82,97.9
2023-09-28,320.29,Thursday,9,0,Fall,36,103.9
2023-09-29,559.25,Friday,9,0,Fall,67,96.3
2023-09-30,313.87,Saturday,9,1,Fall,63,107.9
2023-10-01,545.49,Sunday,10,1,Fall,81,93.0
2023-10-02,272.56,Monday,10,0,Fall,31,107.6
2023-10-03,385.14,Tuesday,10,0,Fall,36,100.1
2023-10-04,448.32,Wednesday,10,0,Fall,57,103.4
2023-10-05,380.67,Thursday,10,0,Fall,10,93.3
2023-10-06,363.35,Friday,10,0,Fall,37,90.3
2023-10-07,406.81,Saturday,10,1,Fall,31,100.5
2023-10-08,376.5,Sunday,10,1,Fall,35,104.6
2023-10-09,324.03,Monday,10,0,Fall,43,107.2
2023-10-10,379.08,Tuesday,10,0,Fall,41,96.3
2023-10-11,292.96,Wednesday,10,0,Fall,70,106.4
2023-10-12,389.1,Thursday,10,0,Fall,11,106.6
2023-10-13,425.69,Friday,10,0,Fall,18,93.5
2023-10-14,273.87,Saturday,10,1,Fall,20,94.8
2023-10-15,395.04,Sunday,10,1,Fall,30,97.0
2023-10-16,419.71,Monday,10,0,Fall,50,102.4
2023-10-17,317.54,Tuesday,10,0,Fall,89,106.8
2023-10-18,323.39,Wednesday,10,0,Fall,20,92.5
2023-10-19,398.33,Thursday,10,0,Fall,28,96.5
2023-10-20,416.3,Friday,10,0,Fall,9,107.1
2023-10-21,347.52,Saturday,10,1,Fall,54,106.7
2023-10-22,529.49,Sunday,10,1,Fall,53,100.3
2023-10-23,320.31,Monday,10,0,Fall,43,94.3
2023-10-24,425.73,Tuesday,10,0,Fall,70,105.3
2023-10-25,403.92,Wednesday,10,0,Fall,60,103.3
2023-10-26,421.29,Thursday,10,0,Fall,54,101.2
2023-10-27,382.25,Friday,10,0,Fall,8,98.9
2023-10-28,378.02,Saturday,10,1,Fall,27,97.6
2023-10-29,586.47,Sunday,10,1,Fall,54,92.2
2023-10-30,473.31,Monday,10,0,Fall,50,108.4
2023-10-31,304.1,Tuesday,10,0,Fall,75,107.2
2023-11-01,393.42,Wednesday,11,0,Fall,90,106.1
2023-11-02,261.57,Thursday,11,0,Fall,3,109.3
2023-11-03,594.84,Friday,11,0,Fall,74,95.6
2023-11-04,442.71,Saturday,11,1,Fall,49,92.3
2023-11-05,377.44,Sunday,11,1,Fall,62,94.8
2023-11-06,269.53,Monday,11,0,Fall,1,99.4
2023-11-07,234.42,Tuesday,11,0,Fall,46,96.0
2023-11-08,358.65,Wednesday,11,0,Fall,39,91.0
2023-11-09,481.06,Thursday,11,0,Fall,50,93.7
2023-11-10,336.46,Friday,11,0,Fall,54,94.8
2023-11-11,309.04,Saturday,11,1,Fall,69,106.6
2023-11-12,502.99,Sunday,11,1,Fall,70,92.3
2023-11-13,490.32,Monday,11,0,Fall,78,101.4
2023-11-14,307.43,Tuesday,11,0,Fall,29,98.6
2023-11-15,351.1,Wednesday,11,0,Fall,63,102.0
2023-11-16,503.76,Thursday,11,0,Fall,29,98.9
2023-11-17,568.87,Friday,11,0,Fall,35,104.1
2023-11-18,307.68,Saturday,11,1,Fall,56,100.2
2023-11-19,485.33,Sunday,11,1,Fall,63,103.0
2023-11-20,502.3,Monday,11,0,Fall,4,102.0
2023-11-21,353.89,Tuesday,11,0,Fall,50,91.4
2023-11-22,249.03,Wednesday,11,0,Fall,44,97.2
2023-11-23,273.72,Thursday,11,0,Fall,86,95.5
2023-11-24,595.96,Friday,11,0,Fall,87,96.6
2023-11-25,386.45,Saturday,11,1,Fall,52,95.6
2023-11-26,390.54,Sunday,11,1,Fall,22,100.3
2023-11-27,445.75,Monday,11,0,Fall,60,101.4
2023-11-28,307.43,Tuesday,11,0,Fall,17,95.9
2023-11-29,251.73,Wednesday,11,0,Fall,80,102.3
2023-11-30,293.52,Thursday,11,0,Fall,69,96.9
2023-12-01,636.77,Friday,12,0,Winter,4,104.0
2023-12-02,567.3,Saturday,12,1,Winter,51,92.6
2023-12-03,541.6,Sunday,12,1,Winter,76,98.2
2023-12-04,595.0,Monday,12,0,Winter,73,104.3
2023-12-05,550.66,Tuesday,12,0,Winter,85,109.1
2023-12-06,429.35,Wednesday,12,0,Winter,4,90.0
2023-12-07,364.18,Thursday,12,0,Winter,11,91.2
2023-12-08,675.89,Friday,12,0,Winter,83,103.7
2023-12-09,428.88,Saturday,12,1,Winter,55,97.4
2023-12-10,448.99,Sunday,12,1,Winter,18,98.4
2023-12-11,331.91,Monday,12,0,Winter,60,97.1
2023-12-12,515.62,Tuesday,12,0,Winter,24,103.4
2023-12-13,413.12,Wednesday,12,0,Winter,7,90.2
2023-12-14,577.03,Thursday,12,0,Winter,34,108.3
2023-12-15,658.13,Friday,12,0,Winter,49,92.4
2023-12-16,524.43,Saturday,12,1,Winter,42,91.3
2023-12-17,410.0,Sunday,12,1,Winter,28,98.4
2023-12-18,395.82,Monday,12,0,Winter,59,99.7
2023-12-19,306.07,Tuesday,12,0,Winter,42,101.2
2023-12-20,395.51,Wednesday,12,0,Winter,44,104.6
2023-12-21,534.21,Thursday,12,0,Winter,49,98.6
2023-12-22,674.32,Friday,12,0,Winter,36,95.5
2023-12-23,469.4,Saturday,12,1,Winter,54,106.0
2023-12-24,796.96,Sunday,12,1,Winter,33,107.2
2023-12-25,438.49,Monday,12,0,Winter,11,101.6
2023-12-26,395.2,Tuesday,12,0,Winter,61,102.0
2023-12-27,366.05,Wednesday,12,0,Winter,3,93.3
2023-12-28,412.25,Thursday,12,0,Winter,70,92.9
2023-12-29,443.48,Friday,12,0,Winter,7,90.5
2023-12-30,521.39,Saturday,12,1,Winter,45,102.7
2023-12-31,551.26,Sunday,12,1,Winter,29,96.2
2024-01-01,514.78,Monday,1,0,Winter,84,102.1
2024-01-02,515.55,Tuesday,1,0,Winter,9,99.1
2024-01-03,410.06,Wednesday,1,0,Winter,84,92.8
2024-01-04,517.94,Thursday,1,0,Winter,6,109.3
2024-01-05,512.8,Friday,1,0,Winter,4,90.8
2024-01-06,323.17,Saturday,1,1,Winter,32,90.5
2024-01-07,724.42,Sunday,1,1,Winter,26,99.2
2024-01-08,377.73,Monday,1,0,Winter,3,109.1
2024-01-09,402.61,Tuesday,1,0,Winter,80,107.8
2024-01-10,516.13,Wednesday,1,0,Winter,20,95.8
2024-01-11,572.69,Thursday,1,0,Winter,31,97.8
2024-01-12,565.01,Friday,1,0,Winter,17,93.1
2024-01-13,506.26,Saturday,1,1,Winter,61,100.8
2024-01-14,576.56,Sunday,1,1,Winter,86,96.0
2024-01-15,369.1,Monday,1,0,Winter,15,93.9
2024-01-16,362.39,Tuesday,1,0,Winter,73,109.3
2024-01-17,382.88,Wednesday,1,0,Winter,28,96.9
2024-01-18,471.14,Thursday,1,0,Winter,60,102.5
2024-01-19,619.75,Friday,1,0,Winter,90,98.0
2024-01-20,519.18,Saturday,1,1,Winter,33,94.0
2024-01-21,571.57,Sunday,1,1,Winter,48,90.8
2024-01-22,392.57,Monday,1,0,Winter,22,109.3
2024-01-23,555.69,Tuesday,1,0,Winter,78,104.4
2024-01-24,322.28,Wednesday,1,0,Winter,78,105.8
2024-01-25,387.6,Thursday,1,0,Winter,15,105.9
2024-01-26,732.78,Friday,1,0,Winter,21,93.0
2024-01-27,527.59,Saturday,1,1,Winter,40,109.6
2024-01-28,633.34,Sunday,1,1,Winter,14,97.5
2024-01-29,369.07,Monday,1,0,Winter,75,94.1
2024-01-30,431.51,Tuesday,1,0,Winter,4,99.8
2024-01-31,452.1,Wednesday,1,0,Winter,40,107.3
2024-02-01,490.61,Thursday,2,0,Winter,74,105.3
2024-02-02,558.56,Friday,2,0,Winter,87,109.1
2024-02-03,458.49,Saturday,2,1,Winter,49,98.8
2024-02-04,664.51,Sunday,2,1,Winter,51,107.9
2024-02-05,386.05,Monday,2,0,Winter,26,108.5
2024-02-06,239.77,Tuesday,2,0,Winter,10,99.5
2024-02-07,354.98,Wednesday,2,0,Winter,76,92.7
2024-02-08,305.66,Thursday,2,0,Winter,89,97.2
2024-02-09,450.16,Friday,2,0,Winter,81,109.1
2024-02-10,298.61,Saturday,2,1,Winter,32,110.0
2024-02-11,393.18,Sunday,2,1,Winter,14,90.3
2024-02-12,454.38,Monday,2,0,Winter,90,106.7
2024-02-13,404.42,Tuesday,2,0,Winter,39,105.4
2024-02-14,381.2,Wednesday,2,0,Winter,88,105.3
2024-02-15,295.05,Thursday,2,0,Winter,77,99.8
2024-02-16,333.01,Friday,2,0,Winter,16,98.2
2024-02-17,310.57,Saturday,2,1,Winter,73,92.2
2024-02-18,607.55,Sunday,2,1,Winter,6,109.0
2024-02-19,275.67,Monday,2,0,Winter,45,100.0
2024-02-20,368.15,Tuesday,2,0,Winter,69,104.1
2024-02-21,237.16,Wednesday,2,0,Winter,55,95.6
2024-02-22,510.08,Thursday,2,0,Winter,85,108.6
2024-02-23,427.01,Friday,2,0,Winter,48,99.5
2024-02-24,318.84,Saturday,2,1,Winter,9,102.8
2024-02-25,463.52,Sunday,2,1,Winter,65,103.0
2024-02-26,244.58,Monday,2,0,Winter,83,107.8
2024-02-27,351.85,Tuesday,2,0,Winter,44,102.5
2024-02-28,254.1,Wednesday,2,0,Winter,2,103.7
2024-02-29,467.73,Thursday,2,0,Winter,54,106.1
2024-03-01,518.5,Friday,3,0,Spring,63,100.4
2024-03-02,310.0,Saturday,3,1,Spring,14,99.9
2024-03-03,379.43,Sunday,3,1,Spring,56,92.7
2024-03-04,427.63,Monday,3,0,Spring,47,96.4
2024-03-05,208.15,Tuesday,3,0,Spring,82,100.2
2024-03-06,357.99,Wednesday,3,0,Spring,59,90.1
2024-03-07,316.18,Thursday,3,0,Spring,20,104.8
2024-03-08,419.07,Friday,3,0,Spring,56,95.4
2024-03-09,452.28,Saturday,3,1,Spring,23,96.3
2024-03-10,512.1,Sunday,3,1,Spring,67,108.2
2024-03-11,384.61,Monday,3,0,Spring,84,109.3
2024-03-12,301.13,Tuesday,3,0,Spring,35,97.8
2024-03-13,383.29,Wednesday,3,0,Spring,79,104.1
2024-03-14,546.03,Thursday,3,0,Spring,69,105.2
2024-03-15,652.61,Friday,3,0,Spring,62,104.1
2024-03-16,455.64,Saturday,3,1,Spring,60,102.9
2024-03-17,333.78,Sunday,3,1,Spring,56,97.2
2024-03-18,370.02,Monday,3,0,Spring,76,99.2
2024-03-19,241.98,Tuesday,3,0,Spring,35,97.4
2024-03-20,369.33,Wednesday,3,0,Spring,42,98.3
2024-03-21,503.81,Thursday,3,0,Spring,32,107.0
2024-03-22,496.21,Friday,3,0,Spring,12,107.6
2024-03-23,286.19,Saturday,3,1,Spring,36,103.6
2024-03-24,400.0,Sunday,3,1,Spring,58,103.0
2024-03-25,398.18,Monday,3,0,Spring,32,96.3
2024-03-26,377.75,Tuesday,3,0,Spring,60,94.0
2024-03-27,376.79,Wednesday,3,0,Spring,73,95.7
2024-03-28,277.73,Thursday,3,0,Spring,79,100.3
2024-03-29,438.55,Friday,3,0,Spring,86,106.7
2024-03-30,349.11,Saturday,3,1,Spring,49,98.1
2024-03-31,510.69,Sunday,3,1,Spring,44,101.9
2024-04-01,367.26,Monday,4,0,Spring,4,100.4
2024-04-02,273.66,Tuesday,4,0,Spring,64,96.2
2024-04-03,282.03,Wednesday,4,0,Spring,42,109.5
2024-04-04,205.63,Thursday,4,0,Spring,24,90.3
2024-04-05,274.17,Friday,4,0,Spring,63,95.3
2024-04-06,186.4,Saturday,4,1,Spring,28,95.9
2024-04-07,353.71,Sunday,4,1,Spring,46,97.4
2024-04-08,184.97,Monday,4,0,Spring,34,96.0
2024-04-09,269.48,Tuesday,4,0,Spring,44,90.5
2024-04-10,317.82,Wednesday,4,0,Spring,36,105.7
2024-04-11,283.61,Thursday,4,0,Spring,77,96.1
2024-04-12,245.54,Friday,4,0,Spring,90,94.6
2024-04-13,295.67,Saturday,4,1,Spring,36,99.5
2024-04-14,284.13,Sunday,4,1,Spring,72,109.2
2024-04-15,344.09,Monday,4,0,Spring,2,91.5
2024-04-16,199.84,Tuesday,4,0,Spring,67,94.5
2024-04-17,268.95,Wednesday,4,0,Spring,25,105.6
2024-04-18,287.2,Thursday,4,0,Spring,11,92.9
2024-04-19,375.75,Friday,4,0,Spring,31,103.5
2024-04-20,226.07,Saturday,4,1,Spring,53,96.9
2024-04-21,398.69,Sunday,4,1,Spring,63,107.8
2024-04-22,277.8,Monday,4,0,Spring,72,91.2
2024-04-23,240.7,Tuesday,4,0,Spring,31,109.2
2024-04-24,273.53,Wednesday,4,0,Spring,89,94.8
2024-04-25,194.38,Thursday,4,0,Spring,61,95.5
2024-04-26,396.15,Friday,4,0,Spring,83,99.2
2024-04-27,214.78,Saturday,4,1,Spring,63,93.3
2024-04-28,325.93,Sunday,4,1,Spring,58,94.2
2024-04-29,359.87,Monday,4,0,Spring,3,93.9
2024-04-30,312.56,Tuesday,4,0,Spring,12,109.9
2024-05-01,244.42,Wednesday,5,0,Spring,38,101.9
2024-05-02,216.29,Thursday,5,0,Spring,29,102.4
2024-05-03,402.94,Friday,5,0,Spring,52,93.2
2024-05-04,305.72,Saturday,5,1,Spring,89,104.4
2024-05-05,355.99,Sunday,5,1,Spring,32,93.3
2024-05-06,305.61,Monday,5,0,Spring,40,105.4
2024-05-07,157.45,Tuesday,5,0,Spring,85,97.1
2024-05-08,267.64,Wednesday,5,0,Spring,75,94.6
2024-05-09,279.27,Thursday,5,0,Spring,48,107.0
2024-05-10,381.67,Friday,5,0,Spring,61,91.9
2024-05-11,287.66,Saturday,5,1,Spring,71,103.2
2024-05-12,278.1,Sunday,5,1,Spring,68,95.8
2024-05-13,338.81,Monday,5,0,Spring,45,90.9
2024-05-14,304.04,Tuesday,5,0,Spring,55,97.4
2024-05-15,323.98,Wednesday,5,0,Spring,71,109.0
2024-05-16,275.87,Thursday,5,0,Spring,43,97.1
2024-05-17,389.24,Friday,5,0,Spring,46,97.2
2024-05-18,297.13,Saturday,5,1,Spring,90,94.8
2024-05-19,253.22,Sunday,5,1,Spring,59,90.8
2024-05-20,174.95,Monday,5,0,Spring,35,93.5
2024-05-21,332.18,Tuesday,5,0,Spring,40,101.6
2024-05-22,266.83,Wednesday,5,0,Spring,33,101.6
2024-05-23,237.36,Thursday,5,0,Spring,30,97.1
2024-05-24,503.15,Friday,5,0,Spring,16,108.9
2024-05-25,353.33,Saturday,5,1,Spring,25,99.5
2024-05-26,321.17,Sunday,5,1,Spring,41,94.1
2024-05-27,276.81,Monday,5,0,Spring,16,107.1
2024-05-28,150.0,Tuesday,5,0,Spring,69,91.4
2024-05-29,314.44,Wednesday,5,0,Spring,89,106.7
2024-05-30,275.14,Thursday,5,0,Spring,24,103.9
2024-05-31,328.07,Friday,5,0,Spring,25,107.5
2024-06-01,268.15,Saturday,6,1,Summer,28,95.6
2024-06-02,290.2,Sunday,6,1,Summer,62,105.3
2024-06-03,172.33,Monday,6,0,Summer,36,98.3
2024-06-04,300.3,Tuesday,6,0,Summer,76,94.5
2024-06-05,214.89,Wednesday,6,0,Summer,68,96.1
2024-06-06,329.18,Thursday,6,0,Summer,77,107.0
2024-06-07,359.65,Friday,6,0,Summer,37,96.1
2024-06-08,301.88,Saturday,6,1,Summer,13,93.6
2024-06-09,351.97,Sunday,6,1,Summer,25,108.0
2024-06-10,338.76,Monday,6,0,Summer,38,103.2
2024-06-11,158.19,Tuesday,6,0,Summer,30,100.9
2024-06-12,301.3,Wednesday,6,0,Summer,47,101.7
2024-06-13,348.21,Thursday,6,0,Summer,23,90.8
2024-06-14,302.16,Friday,6,0,Summer,39,104.3
2024-06-15,345.94,Saturday,6,1,Summer,2,92.1
2024-06-16,427.76,Sunday,6,1,Summer,69,108.7
2024-06-17,352.61,Monday,6,0,Summer,17,103.9
2024-06-18,356.52,Tuesday,6,0,Summer,36,103.9
2024-06-19,314.63,Wednesday,6,0,Summer,6,107.2
2024-06-20,206.57,Thursday,6,0,Summer,7,96.9
2024-06-21,368.36,Friday,6,0,Summer,71,109.6
2024-06-22,346.04,Saturday,6,1,Summer,38,101.2
2024-06-23,456.21,Sunday,6,1,Summer,90,99.9
2024-06-24,345.68,Monday,6,0,Summer,17,104.7
2024-06-25,170.92,Tuesday,6,0,Summer,82,90.5
2024-06-26,284.12,Wednesday,6,0,Summer,63,106.3
2024-06-27,319.72,Thursday,6,0,Summer,14,109.3
2024-06-28,439.64,Friday,6,0,Summer,2,107.3
2024-06-29,193.19,Saturday,6,1,Summer,74,106.0
2024-06-30,320.32,Sunday,6,1,Summer,37,107.3
2024-07-01,364.54,Monday,7,0,Summer,61,96.2
2024-07-02,466.6,Tuesday,7,0,Summer,62,105.9
2024-07-03,367.41,Wednesday,7,0,Summer,57,102.5
2024-07-04,547.06,Thursday,7,0,Summer,44,90.2
2024-07-05,588.54,Friday,7,0,Summer,24,91.0
2024-07-06,407.7,Saturday,7,1,Summer,7,97.1
2024-07-07,629.3,Sunday,7,1,Summer,33,96.7
2024-07-08,386.3,Monday,7,0,Summer,62,105.7
2024-07-09,317.3,Tuesday,7,0,Summer,15,98.7
2024-07-10,300.48,Wednesday,7,0,Summer,9,97.5
2024-07-11,652.21,Thursday,7,0,Summer,52,102.8
2024-07-12,511.94,Friday,7,0,Summer,63,98.4
2024-07-13,488.3,Saturday,7,1,Summer,10,92.0
2024-07-14,623.61,Sunday,7,1,Summer,74,109.6
2024-07-15,332.91,Monday,7,0,Summer,81,100.4
2024-07-16,465.87,Tuesday,7,0,Summer,88,104.1
2024-07-17,339.31,Wednesday,7,0,Summer,7,96.9
2024-07-18,365.39,Thursday,7,0,Summer,20,99.7
2024-07-19,501.53,Friday,7,0,Summer,20,95.7
2024-07-20,463.8,Saturday,7,1,Summer,73,91.5
2024-07-21,469.28,Sunday,7,1,Summer,39,109.0
2024-07-22,510.72,Monday,7,0,Summer,11,102.5
2024-07-23,437.08,Tuesday,7,0,Summer,32,95.3
2024-07-24,444.04,Wednesday,7,0,Summer,16,102.2
2024-07-25,414.99,Thursday,7,0,Summer,72,95.4
2024-07-26,739.78,Friday,7,0,Summer,54,92.1
2024-07-27,407.16,Saturday,7,1,Summer,78,108.9
2024-07-28,507.92,Sunday,7,1,Summer,77,101.8
2024-07-29,550.57,Monday,7,0,Summer,80,103.6
2024-07-30,402.03,Tuesday,7,0,Summer,29,95.1
2024-07-31,446.33,Wednesday,7,0,Summer,67,109.2
2024-08-01,380.62,Thursday,8,0,Summer,49,103.4
2024-08-02,744.65,Friday,8,0,Summer,58,92.0
2024-08-03,357.79,Saturday,8,1,Summer,57,105.0
2024-08-04,764.93,Sunday,8,1,Summer,39,98.7
2024-08-05,457.45,Monday,8,0,Summer,76,90.2
2024-08-06,409.37,Tuesday,8,0,Summer,55,102.3
2024-08-07,435.23,Wednesday,8,0,Summer,40,91.8
2024-08-08,390.61,Thursday,8,0,Summer,73,107.5
2024-08-09,480.31,Friday,8,0,Summer,80,95.0
2024-08-10,345.59,Saturday,8,1,Summer,8,99.2
2024-08-11,657.4,Sunday,8,1,Summer,79,91.6
2024-08-12,666.33,Monday,8,0,Summer,13,106.8
2024-08-13,531.5,Tuesday,8,0,Summer,27,100.9
2024-08-14,346.26,Wednesday,8,0,Summer,81,102.3
2024-08-15,455.64,Thursday,8,0,Summer,28,91.4
2024-08-16,630.18,Friday,8,0,Summer,34,108.4
2024-08-17,436.45,Saturday,8,1,Summer,85,97.4
2024-08-18,797.37,Sunday,8,1,Summer,11,103.3
2024-08-19,516.75,Monday,8,0,Summer,21,95.0
2024-08-20,489.88,Tuesday,8,0,Summer,31,98.6
2024-08-21,457.9,Wednesday,8,0,Summer,23,91.3
2024-08-22,543.18,Thursday,8,0,Summer,71,95.8
2024-08-23,532.15,Friday,8,0,Summer,10,100.1
2024-08-24,322.24,Saturday,8,1,Summer,21,99.8
2024-08-25,674.16,Sunday,8,1,Summer,1,95.2
2024-08-26,356.24,Monday,8,0,Summer,53,93.2
2024-08-27,510.52,Tuesday,8,0,Summer,58,103.7
2024-08-28,263.08,Wednesday,8,0,Summer,89,95.8
2024-08-29,464.11,Thursday,8,0,Summer,77,100.7
2024-08-30,549.03,Friday,8,0,Summer,61,97.1
2024-08-31,456.99,Saturday,8,1,Summer,38,108.3
2024-09-01,619.29,Sunday,9,1,Fall,5,96.5
2024-09-02,481.59,Monday,9,0,Fall,30,107.5
2024-09-03,234.61,Tuesday,9,0,Fall,37,97.9
2024-09-04,333.78,Wednesday,9,0,Fall,37,107.2
2024-09-05,459.55,Thursday,9,0,Fall,90,106.8
2024-09-06,494.05,Friday,9,0,Fall,59,102.2
2024-09-07,313.68,Saturday,9,1,Fall,10,103.5
2024-09-08,353.63,Sunday,9,1,Fall,88,92.4
2024-09-09,283.92,Monday,9,0,Fall,30,90.0
2024-09-10,320.89,Tuesday,9,0,Fall,34,93.2
2024-09-11,195.58,Wednesday,9,0,Fall,81,90.4
2024-09-12,237.91,Thursday,9,0,Fall,76,94.4
2024-09-13,480.87,Friday,9,0,Fall,85,102.2
2024-09-14,324.3,Saturday,9,1,Fall,26,109.2
2024-09-15,503.8,Sunday,9,1,Fall,55,101.1
2024-09-16,365.96,Monday,9,0,Fall,15,103.9
2024-09-17,287.94,Tuesday,9,0,Fall,70,93.4
2024-09-18,411.27,Wednesday,9,0,Fall,29,102.6
2024-09-19,337.98,Thursday,9,0,Fall,83,92.3
2024-09-20,411.88,Friday,9,0,Fall,20,92.9
2024-09-21,418.52,Saturday,9,1,Fall,35,94.1
2024-09-22,390.46,Sunday,9,1,Fall,19,100.2
2024-09-23,375.6,Monday,9,0,Fall,10,90.4
2024-09-24,339.73,Tuesday,9,0,Fall,8,103.8
2024-09-25,247.75,Wednesday,9,0,Fall,22,90.2
2024-09-26,527.62,Thursday,9,0,Fall,40,106.4
2024-09-27,624.0,Friday,9,0,Fall,77,99.7
2024-09-28,330.06,Saturday,9,1,Fall,73,93.7
2024-09-29,638.18,Sunday,9,1,Fall,37,107.7
2024-09-30,369.69,Monday,9,0,Fall,57,106.1
2024-10-01,400.17,Tuesday,10,0,Fall,16,94.1
2024-10-02,340.08,Wednesday,10,0,Fall,60,91.3
2024-10-03,404.0,Thursday,10,0,Fall,89,91.5
2024-10-04,506.46,Friday,10,0,Fall,39,109.9
2024-10-05,366.12,Saturday,10,1,Fall,90,96.4
2024-10-06,387.06,Sunday,10,1,Fall,52,91.4
2024-10-07,360.61,Monday,10,0,Fall,35,99.3
2024-10-08,355.53,Tuesday,10,0,Fall,65,90.2
2024-10-09,265.23,Wednesday,10,0,Fall,70,103.2
2024-10-10,479.41,Thursday,10,0,Fall,64,105.5
2024-10-11,472.42,Friday,10,0,Fall,57,91.3
2024-10-12,500.78,Saturday,10,1,Fall,11,105.0
2024-10-13,600.99,Sunday,10,1,Fall,77,100.4
2024-10-14,410.92,Monday,10,0,Fall,6,104.8
2024-10-15,241.23,Tuesday,10,0,Fall,56,93.9
2024-10-16,439.16,Wednesday,10,0,Fall,42,105.2
2024-10-17,418.7,Thursday,10,0,Fall,78,103.1
2024-10-18,516.86,Friday,10,0,Fall,33,93.1
2024-10-19,370.55,Saturday,10,1,Fall,4,104.3
2024-10-20,395.12,Sunday,10,1,Fall,12,94.8
2024-10-21,301.87,Monday,10,0,Fall,30,98.5
2024-10-22,250.97,Tuesday,10,0,Fall,87,91.5
2024-10-23,365.02,Wednesday,10,0,Fall,74,97.7
2024-10-24,452.62,Thursday,10,0,Fall,76,95.4
2024-10-25,531.69,Friday,10,0,Fall,3,95.3
2024-10-26,329.46,Saturday,10,1,Fall,87,95.4
2024-10-27,414.6,Sunday,10,1,Fall,35,103.9
2024-10-28,301.67,Monday,10,0,Fall,74,103.2
2024-10-29,396.44,Tuesday,10,0,Fall,6,105.6
2024-10-30,254.05,Wednesday,10,0,Fall,23,104.0
2024-10-31,347.15,Thursday,10,0,Fall,61,98.6
2024-11-01,320.43,Friday,11,0,Fall,67,103.3
2024-11-02,353.35,Saturday,11,1,Fall,84,108.0
2024-11-03,699.19,Sunday,11,1,Fall,57,109.9
2024-11-04,501.12,Monday,11,0,Fall,36,106.9
2024-11-05,179.37,Tuesday,11,0,Fall,24,91.9
2024-11-06,428.45,Wednesday,11,0,Fall,75,96.5
2024-11-07,527.07,Thursday,11,0,Fall,56,110.0
2024-11-08,348.99,Friday,11,0,Fall,82,90.8
2024-11-09,245.58,Saturday,11,1,Fall,63,97.2
2024-11-10,613.72,Sunday,11,1,Fall,12,101.3
2024-11-11,254.07,Monday,11,0,Fall,61,90.3
2024-11-12,395.01,Tuesday,11,0,Fall,45,102.5
2024-11-13,365.05,Wednesday,11,0,Fall,53,102.5
2024-11-14,480.9,Thursday,11,0,Fall,43,101.7
2024-11-15,569.34,Friday,11,0,Fall,42,98.8
2024-11-16,430.73,Saturday,11,1,Fall,86,97.8
2024-11-17,657.9,Sunday,11,1,Fall,14,108.6
2024-11-18,352.54,Monday,11,0,Fall,21,100.6
2024-11-19,328.47,Tuesday,11,0,Fall,43,91.1
2024-11-20,301.33,Wednesday,11,0,Fall,53,103.5
2024-11-21,486.39,Thursday,11,0,Fall,89,93.3
2024-11-22,530.51,Friday,11,0,Fall,64,103.8
2024-11-23,326.1,Saturday,11,1,Fall,37,93.1
2024-11-24,557.84,Sunday,11,1,Fall,85,102.0
2024-11-25,361.41,Monday,11,0,Fall,52,103.4
2024-11-26,398.65,Tuesday,11,0,Fall,71,93.4
2024-11-27,434.66,Wednesday,11,0,Fall,5,106.1
2024-11-28,447.11,Thursday,11,0,Fall,59,100.7
2024-11-29,377.51,Friday,11,0,Fall,12,101.5
2024-11-30,384.03,Saturday,11,1,Fall,41,108.4
2024-12-01,536.59,Sunday,12,1,Winter,33,91.0
2024-12-02,323.92,Monday,12,0,Winter,42,98.5
2024-12-03,527.03,Tuesday,12,0,Winter,15,107.7
2024-12-04,431.15,Wednesday,12,0,Winter,52,94.2
2024-12-05,413.7,Thursday,12,0,Winter,66,106.1
2024-12-06,746.06,Friday,12,0,Winter,1,90.6
2024-12-07,633.67,Saturday,12,1,Winter,85,99.3
2024-12-08,679.97,Sunday,12,1,Winter,70,91.2
2024-12-09,657.75,Monday,12,0,Winter,60,106.3
2024-12-10,535.35,Tuesday,12,0,Winter,53,108.8
2024-12-11,255.25,Wednesday,12,0,Winter,7,94.2
2024-12-12,375.03,Thursday,12,0,Winter,25,99.4
2024-12-13,438.66,Friday,12,0,Winter,67,92.9
2024-12-14,652.51,Saturday,12,1,Winter,47,105.2
2024-12-15,564.31,Sunday,12,1,Winter,80,106.0
2024-12-16,391.26,Monday,12,0,Winter,64,96.0
2024-12-17,319.64,Tuesday,12,0,Winter,81,97.1
2024-12-18,420.9,Wednesday,12,0,Winter,57,91.3
2024-12-19,338.76,Thursday,12,0,Winter,7,96.9
2024-12-20,710.25,Friday,12,0,Winter,27,93.1
2024-12-21,398.5,Saturday,12,1,Winter,35,101.3
2024-12-22,688.73,Sunday,12,1,Winter,71,92.7
2024-12-23,423.18,Monday,12,0,Winter,17,102.5
2024-12-24,338.58,Tuesday,12,0,Winter,37,99.8
2024-12-25,355.7,Wednesday,12,0,Winter,57,106.4
2024-12-26,362.31,Thursday,12,0,Winter,90,98.4
2024-12-27,659.81,Friday,12,0,Winter,63,103.3
2024-12-28,608.2,Saturday,12,1,Winter,16,107.2
2024-12-29,788.73,Sunday,12,1,Winter,4,109.8
2024-12-30,578.92,Monday,12,0,Winter,81,97.4
2024-12-31,437.53,Tuesday,12,0,Winter,78,99.9
